{
  "test/integration/opaTests.qunit.js": 1721639799566,
  "test/integration/FirstJourney.js": 1721639799566,
  "test/integration/pages/RisksList.js": 1721639799566,
  "i18n/i18n.properties": 1721639799566,
  "test/integration/pages/RisksObjectPage.js": 1721639799566,
  "test/testsuite.qunit.js": 1721639799566,
  "xs-app.json": 1721639924663,
  "manifest.json": 1721639924671,
  "Component.js": 1721639799566,
  "test/integration/FirstJourney-dbg.js": 1721639799566,
  "test/integration/FirstJourney.js.map": 1721639932346,
  "test/integration/pages/RisksList-dbg.js": 1721639799566,
  "test/integration/pages/RisksList.js.map": 1721639932344,
  "test/integration/opaTests.qunit-dbg.js": 1721639799566,
  "test/integration/opaTests.qunit.js.map": 1721639932346,
  "test/integration/pages/RisksObjectPage-dbg.js": 1721639799566,
  "test/integration/pages/RisksObjectPage.js.map": 1721639932344,
  "test/testsuite.qunit-dbg.js": 1721639799566,
  "test/testsuite.qunit.js.map": 1721639932347,
  "Component-dbg.js": 1721639799566,
  "Component.js.map": 1721639932346,
  "Component-preload.js": 1721639932401,
  "Component-preload.js.map": 1721639932401,
  "test/integration/opaTests.qunit.html": 1721639799566,
  "test/testsuite.qunit.html": 1721639799566,
  "test/flpSandbox.html": 1721639799566,
  "index.html": 1721639799566
}